{
    "total": 1639,
    "exmatch_num": 1348,
    "exmatch_rate": 0.8224527150701647,
    "real_exmatch_rate": 0.8440826549780839,
    "contains_ex_num": 1479,
    "contains_ex_rate": 0.9023794996949359,
    "real_contains_ex_rate": 0.926111458985598
}